@@,item,itemlabel,party,gender
---,Q113124395,Anthony Richardson,,male
->,Q110993726,Ben Smith,Q7092478,male
->,Q110993794,Christopher Famous,Q1565799,male
---,Q110993794,Christopher Famous,,male
->,Q1281098,Craig Cannonier,Q7092478,male
---,Q1281098,Craig Cannonier,,male
->,Q107980114,David Burch,Q1565799,male
->,Q109517094,Dennis Lister,Q1565799,male
+++,,Dennis Lister III,Q1565799,male
->,Q5262984,Derrick Burgess,Q1565799,male
---,Q5262984,Derrick Burgess,,male
->,Q107980110->Q42665891,Diallo Rabain,NULL->Q1565799,male
---,Q42665891,Diallo Vincent Rabain,Q1565799,male
->,Q33120852,E. David Burt->David Burt,Q1565799,male
->,Q110993718,Grant Gibbons,Q7092478,male
->,Q107980343,Jamahl Simmons,Q1565799,male
---,Q107980104,Jason Hayward,,male
->,Q56486487,Jeanne Atherden,Q7092478,female
->,Q110993743,Jeff Baron,Q7092478,male
->,Q6409462,Kim Swan,Q1565799,male
---,Q6409462,Kim Swan,,male
->,Q94952755,Kim Wilson,Q1565799,female
->,Q107980091,Lawrence Scott,Q1565799,male
->,Q110993772,Leah Scott,Q7092478,female
->,Q110993774,Lovitta Foggo,Q1565799,female
---,Q110993774,Lovitta Foggo,,female
->,Q17626860,Michael Dunkley,Q7092478,male
---,Q17626860,Michael Dunkley,,male
->,Q110993778,Michael Scott,Q1565799,male
->,Q110993896,Michael Weeks,Q1565799,male
---,Q110993896,Michael Weeks,,male
->,Q110993785,N. Cole Simons,Q7092478,male
---,Q110993785,N. Cole Simons,,male
->,Q110993797,Neville Tyrrell,Q1565799,male
->,Q110993786,Patricia Gordon Pamplin,Q7092478,female
->,Q107980085,Renee Ming,Q1565799,female
---,Q107980085,Renee Ming,,female
->,Q110993798,Rolfe Commissiong,Q1565799,male
->,Q110993800,Scott Simmons,Q1565799,male
->,Q110993790,Susan Jackson,Q7092478,female
->,Q110993792,Sylvan Richards Jr.,Q7092478,male
->,Q107980082,Tinee Furbert,Q1565799,female
---,Q107980082,Tinee Furbert,,female
->,Q16732783,Trevor Moniz,Q7092478,male
---,Q111752726,Vance Campbell,,male
->,Q107980143,Walter Roban,Q1565799,male
---,Q107980143,Walter Roban,,male
->,Q110993801,Walton Brown,Q1565799,male
->,Q56522655,Wayne Caines,Q1565799,male
---,Q56522655,Wayne Caines,,male
->,Q110993802,Wayne Furbert,Q1565799,male
---,Q110993802,Wayne Furbert,,male
->,Q107980320,Zane DeSilva,Q1565799,male
